{
  "shape": [
    311,
    5
  ],
  "mean": [
    0.0009337742157065179,
    0.0015627112892596586,
    0.0015409848177137424,
    0.0034250925561229257,
    0.002630008893627244
  ],
  "std": [
    0.02739968952122002,
    0.027204083860347325,
    0.036984482535141465,
    0.03180837689728269,
    0.027402695988682294
  ]
}