{
  "shape": [
    2000,
    5
  ],
  "mean": [
    0.0011652648277323224,
    0.0017751894989942725,
    0.0023519724713442283,
    0.003914777915537722,
    0.003097834392743109
  ],
  "std": [
    0.028221991685893715,
    0.02750612716671286,
    0.03657079614000986,
    0.031908326494732776,
    0.02799654490695839
  ]
}