{
  "shape": [
    2000,
    9
  ],
  "mean": [
    0.0004433908102137834,
    0.0007769350776929312,
    0.0016485804938973412,
    0.0008391399895073162,
    0.0005022679104910895,
    0.0029294703115981514,
    0.0019614364579169934,
    0.0005771774932935498,
    0.0009908372712870797
  ],
  "std": [
    0.03127255292306458,
    0.014659920160868653,
    0.022343820328550548,
    0.014377703252557604,
    0.009109652539242872,
    0.027699093430929352,
    0.02442062683475954,
    0.019736544729369452,
    0.039622757520923216
  ]
}