{
  "shape": [
    936,
    9
  ],
  "mean": [
    0.0004704180473514513,
    0.0008783381321046912,
    0.001685277981837786,
    0.0009387453776594897,
    0.0005894942486523347,
    0.002808047968898891,
    0.0019871997720455623,
    0.0005556492449569208,
    0.0007295330740707103
  ],
  "std": [
    0.032777018814255134,
    0.016099073921152233,
    0.023139300430285142,
    0.01599439595023868,
    0.009318341943343767,
    0.028608789630643325,
    0.02588420662313268,
    0.020187003221467662,
    0.04055648744151649
  ]
}