{
  "shape": [
    2000,
    5
  ],
  "mean": [
    0.00026001078673971745,
    0.0006726461965287949,
    0.0001936756672505866,
    0.0020767647763688855,
    0.0014870866366138045
  ],
  "std": [
    0.028449336215573634,
    0.028854242783354633,
    0.0380592445209388,
    0.03261385184931036,
    0.02848496529540281
  ]
}