{
  "shape": [
    2000,
    9
  ],
  "mean": [
    0.000416988042412092,
    0.0008524345459689171,
    0.0010126689503801903,
    0.001121071193723783,
    0.0006017987891275247,
    0.0033617738978427864,
    0.002487467884058809,
    0.000963547662314939,
    0.001371976918486107
  ],
  "std": [
    0.03300351788684291,
    0.01645311630566084,
    0.02203904487482514,
    0.01564472082480475,
    0.009183769188724012,
    0.028800687297146476,
    0.02596065535488044,
    0.01957948560958021,
    0.03949606206802672
  ]
}