{
  "cvar_historical": {
    "mean_weekly": 0.0035011994190177645,
    "vol_weekly": 0.01978603273360977,
    "ann_return": 0.18206236978892376,
    "ann_vol": 0.14267911111807788,
    "sharpe": 1.276026801416314,
    "avg_turnover": 0.11214459641857705,
    "max_drawdown": -0.12071120192325206,
    "var": 0.02885464011203844,
    "cvar": 0.040256199302169005
  },
  "mv_historical": {
    "mean_weekly": 0.003377914763956313,
    "vol_weekly": 0.019567626212825703,
    "ann_return": 0.17565156772572826,
    "ann_vol": 0.1411041592989126,
    "sharpe": 1.244836216015653,
    "avg_turnover": 0.09175310487390588,
    "max_drawdown": -0.11404391682109433,
    "var": 0.028785772183433457,
    "cvar": 0.0400778100192553
  },
  "cvar_mbb": {
    "mean_weekly": 0.0035835002069850097,
    "vol_weekly": 0.01961795548844181,
    "ann_return": 0.18634201076322052,
    "ann_vol": 0.14146708886669426,
    "sharpe": 1.3172110365458378,
    "avg_turnover": 0.11994858939906512,
    "max_drawdown": -0.11607547519567722,
    "var": 0.028936957018255948,
    "cvar": 0.04019995466331745
  },
  "mv_mbb": {
    "mean_weekly": 0.003300717436184878,
    "vol_weekly": 0.019458650310189243,
    "ann_return": 0.17163730668161364,
    "ann_vol": 0.14031832288942114,
    "sharpe": 1.2231995305194294,
    "avg_turnover": 0.088283839776468,
    "max_drawdown": -0.11301816781281203,
    "var": 0.028919626742059255,
    "cvar": 0.03996447581173944
  },
  "ew": {
    "mean_weekly": 0.0035822095728287244,
    "vol_weekly": 0.021111310393104966,
    "ann_return": 0.18627489778709366,
    "ann_vol": 0.15223582422915155,
    "sharpe": 1.2235943722858893,
    "avg_turnover": 0.0,
    "max_drawdown": -0.15156693506281405,
    "var": 0.030114214818814634,
    "cvar": 0.04360827143424554
  }
}