{
  "cvar_historical": {
    "mean_weekly": 0.0010533617621257497,
    "vol_weekly": 0.009138780127313851,
    "ann_return": 0.05477481163053899,
    "ann_vol": 0.06590068068844283,
    "sharpe": 0.8311721678490186,
    "avg_turnover": 0.12518718123769992,
    "max_drawdown": -0.2180627090459224,
    "var": 0.012932599956824617,
    "cvar": 0.02052736338347102
  },
  "mv_historical": {
    "mean_weekly": 0.0008985682566017578,
    "vol_weekly": 0.008922593097133927,
    "ann_return": 0.04672554934329141,
    "ann_vol": 0.06434173384363483,
    "sharpe": 0.7262090489641639,
    "avg_turnover": 0.11264106448498354,
    "max_drawdown": -0.2334125659153494,
    "var": 0.012501860427797006,
    "cvar": 0.020750943866486387
  },
  "cvar_mbb": {
    "mean_weekly": 0.0011167679789910773,
    "vol_weekly": 0.009321150877015558,
    "ann_return": 0.05807193490753602,
    "ann_vol": 0.06721577486683145,
    "sharpe": 0.8639628870244924,
    "avg_turnover": 0.1242419315816586,
    "max_drawdown": -0.20985711219743192,
    "var": 0.012965368060521613,
    "cvar": 0.020540617522306615
  },
  "mv_mbb": {
    "mean_weekly": 0.0008934225149540191,
    "vol_weekly": 0.009157231271861419,
    "ann_return": 0.04645797077760899,
    "ann_vol": 0.06603373378395733,
    "sharpe": 0.703549051604527,
    "avg_turnover": 0.10536102446506548,
    "max_drawdown": -0.2390187452120711,
    "var": 0.012820396781734146,
    "cvar": 0.02109217914841565
  },
  "ew": {
    "mean_weekly": 0.001253271864096018,
    "vol_weekly": 0.013503966190009932,
    "ann_return": 0.06517013693299294,
    "ann_vol": 0.09737848504042579,
    "sharpe": 0.6692457466958759,
    "avg_turnover": 0.0,
    "max_drawdown": -0.21601818615889234,
    "var": 0.019032839114073132,
    "cvar": 0.031886939667658806
  }
}