{
  "w_max": 1,
  "l2_reg": 0,
  "weights": [
    0.6526126272979429,
    5.1377257208806315e-11,
    1.089879998351113e-12,
    0.34738737259683433,
    5.275596674327519e-11
  ],
  "expected_return": 0.0017992267484085412,
  "variance": 0.0007199283182810475,
  "var": 0.041523097572630986,
  "cvar": 0.06407740230824649,
  "status": "optimal"
}