{
  "target_return": 0.0017992267484085412,
  "w_max": 1,
  "l2_reg": 0,
  "weights": [
    0.377332464004374,
    0.17871091801262756,
    1.859273977664446e-18,
    -4.336176114967805e-18,
    0.44395661798299846
  ],
  "expected_return": 0.0017992267484085412,
  "variance": 0.0006516922097420141,
  "var": 0.039597557001032395,
  "cvar": 0.06567533350286177,
  "status": "optimal"
}