{
  "config": {
    "w_max": 0.35,
    "l2_tau": 0.5,
    "assets": [
      "EEM",
      "EMB",
      "GLD",
      "HYG",
      "IEF",
      "QQQ",
      "SPY",
      "TLT",
      "XLE"
    ],
    "n_obs": 936
  },
  "by_scenario_method": {
    "historical": {
      "cvar": {
        "w_max": 0.35,
        "l2_tau": 0.5,
        "weights": [
          7.057655183083952e-13,
          0.060263122576580286,
          0.17935981287809125,
          0.34999999995450615,
          0.3499999999993213,
          1.615207402127049e-10,
          1.128405587022953e-11,
          0.06037706441323277,
          4.757866444517353e-12
        ],
        "expected_return": 0.0008941831547771236,
        "variance": 9.303224144534278e-05,
        "var": 0.013273160202710835,
        "cvar": 0.020732032568320537,
        "z_opt": 0.0132731602046281,
        "cvar_obj": 0.020732032575650344,
        "status": "optimal"
      },
      "markowitz": {
        "target_return": 0.0008941831547771236,
        "w_max": 0.35,
        "l2_tau": 0.5,
        "weights": [
          8.032921288590013e-06,
          0.058768502393923006,
          0.12977668500015122,
          0.3498541453428239,
          0.3499978078920133,
          0.0009278925846484678,
          6.920228689371964e-05,
          0.11052446334737008,
          7.326823088755338e-05
        ],
        "expected_return": 0.0008942477461517111,
        "variance": 9.120657478931445e-05,
        "var": 0.013247105888026413,
        "cvar": 0.02106690193113828,
        "status": "optimal"
      },
      "iso_return_target": 0.0008941831547771236
    },
    "mbb": {
      "cvar": {
        "w_max": 0.35,
        "l2_tau": 0.5,
        "weights": [
          4.349458537474627e-13,
          0.055606018372929354,
          0.15010121605772092,
          0.34999999999439346,
          0.3499999999995118,
          0.020502725786612986,
          0.001540082357072562,
          0.07224995742670003,
          4.624199289360849e-12
        ],
        "expected_return": 0.0008649329176072482,
        "variance": 7.89788634795369e-05,
        "var": 0.01231593568900391,
        "cvar": 0.019579079407656703,
        "z_opt": 0.01231593569171313,
        "cvar_obj": 0.019579079412333247,
        "status": "optimal"
      },
      "markowitz": {
        "target_return": 0.0008649329176072482,
        "w_max": 0.35,
        "l2_tau": 0.5,
        "weights": [
          1.7107282648692238e-06,
          0.05571473638094584,
          0.1250994385953263,
          0.34994841726214065,
          0.34999880088588875,
          0.032743085854257906,
          8.441252857302689e-05,
          0.08637779840616125,
          3.159935844145219e-05
        ],
        "expected_return": 0.0008649449621241049,
        "variance": 7.856907119393105e-05,
        "var": 0.012589392572760563,
        "cvar": 0.019462594327192943,
        "status": "optimal"
      },
      "iso_return_target": 0.0008649329176072482
    }
  }
}