{
  "config": {
    "w_max": 0.35,
    "l2_tau": 0.5,
    "assets": [
      "EEM",
      "EFA",
      "IWM",
      "QQQ",
      "SPY"
    ],
    "n_obs": 311
  },
  "by_scenario_method": {
    "historical": {
      "cvar": {
        "w_max": 0.35,
        "l2_tau": 0.5,
        "weights": [
          0.3499999999947307,
          0.062022367437256254,
          2.6674620818167934e-12,
          0.23797763260983587,
          0.3499999999555099
        ],
        "expected_return": 0.0025338157629390284,
        "variance": 0.0007228735150450653,
        "var": 0.036022918512993114,
        "cvar": 0.060575847876382254,
        "z_opt": 0.03602291847506965,
        "cvar_obj": 0.0608213772294014,
        "status": "optimal"
      },
      "markowitz": {
        "target_return": 0.0025338157629390284,
        "w_max": 0.35,
        "l2_tau": 0.5,
        "weights": [
          0.1810755468828223,
          0.27910209674930997,
          3.000225897563069e-08,
          0.18982401722940942,
          0.3499983091362019
        ],
        "expected_return": 0.0025338158177384985,
        "variance": 0.000713317893464897,
        "var": 0.03716011037794806,
        "cvar": 0.06196069409026983,
        "status": "optimal"
      },
      "iso_return_target": 0.0025338157629390284
    },
    "mbb": {
      "cvar": {
        "w_max": 0.35,
        "l2_tau": 0.5,
        "weights": [
          0.3499999999738321,
          0.07979096133772166,
          7.718671461914686e-12,
          0.34999999984138597,
          0.22020903883934198
        ],
        "expected_return": 0.0011990124523340482,
        "variance": 0.0007700189696403992,
        "var": 0.03852449802703825,
        "cvar": 0.06461569113735396,
        "z_opt": 0.03852449800792638,
        "cvar_obj": 0.06644207501643054,
        "status": "optimal"
      },
      "markowitz": {
        "target_return": 0.0011990124523340482,
        "w_max": 0.35,
        "l2_tau": 0.5,
        "weights": [
          0.2442622166048042,
          0.16209498368023226,
          1.2111958877434413e-08,
          0.24364287254833317,
          0.34999991505467143
        ],
        "expected_return": 0.0011990125199203801,
        "variance": 0.000756640818899393,
        "var": 0.03770340812259347,
        "cvar": 0.06661401786751507,
        "status": "optimal"
      },
      "iso_return_target": 0.0011990124523340482
    }
  }
}