method,cvar_d1_mean,cvar_d1_std,mv_d1_mean,mv_d1_std,cvar_risk_std,mv_risk_std
historical,0.19394293959918257,0.054949113187165076,0.490882478584726,0.1214616222673004,0.0038280203177446246,0.030966470890859906
mbb,0.19365411179482456,0.14640003442096877,0.18000000000000002,0.2529822128134704,0.00455857151592443,0.01647428418500261
